{"metadata":{"asset_id":"0b17eaa0-a1df-4b2d-9c04-fa5bf828946a","asset_attributes":["data_asset"],"name":"Dataset .csv","asset_type":"data_asset","created_at":"2021-10-28T10:17:56Z","description":"","origin_country":"us","owner_id":"IBMid-5500048MR7","project_id":"65f68896-e344-4bc8-a3a7-049fa38d1d9f","size":55628,"tags":[],"usage":{"last_update_time":1635416277631,"last_updated_at":"2021-10-28T10:17:57Z"}},"entity":{"data_asset":{"mime_type":"text/csv","dataset":false}},"attachments":[{"id":"412d370e-f578-4a68-9427-40f7f6b6ab1e","version":2,"asset_type":"data_asset","name":"Dataset .csv","mime":"text/csv","datasource_type":"193a97c1-4475-4a19-b90c-295c4fdc6517","object_key":"Dataset .csv","creator_id":"IBMid-5500048MR7","create_time":1635416277630,"size":55628,"is_remote":false,"is_managed":false,"is_referenced":true,"is_object_key_read_only":true,"is_user_provided_path_key":true,"transfer_complete":true,"is_partitioned":false,"complete_time_ticks":1635416277630,"user_data":{},"test_doc":0,"handle":{"bucket":"newproject-donotdelete-pr-k10jxcn5hchise","location":"us-geo","key":"Dataset .csv","upload_id":"done","max_part_num":1},"usage":{"access_count":0,"last_accessor_id":"IBMid-5500048MR7","last_access_time":1635416277630}}]}
