{"metadata":{"asset_id":"6b721ba1-8f4f-4dfa-b5ba-e903600539a2","asset_attributes":["wml_pipeline"],"name":"New Auto AI project","asset_type":"wml_pipeline","created_at":"2021-10-28T10:19:11Z","description":"","origin_country":"us","owner_id":"IBMid-5500048MR7","project_id":"65f68896-e344-4bc8-a3a7-049fa38d1d9f","sandbox_id":"65f68896-e344-4bc8-a3a7-049fa38d1d9f","size":0,"tags":["dsx-project.65f68896-e344-4bc8-a3a7-049fa38d1d9f"],"usage":{"last_update_time":1635416351185,"last_updated_at":"2021-10-28T10:19:11Z"}},"entity":{"wml_pipeline":{"document":{"doc_type":"pipeline","pipelines":[{"id":"autoai","nodes":[{"id":"automl","op":"kube","parameters":{"output_logs":true,"input_file_separator":",","stage_flag":true,"optimization":{"compute_pipeline_notebooks_flag":true,"cv_num_folds":3,"daub_adaptive_subsampling_max_mem_usage":15000000000,"holdout_param":0.1,"label":"premium","learning_type":"regression","max_num_daub_ensembles":2,"run_cognito_flag":true,"scorer_for_ranking":"neg_root_mean_squared_error"},"n_parallel_data_connections":15,"one_vs_all_file":true},"runtime_ref":"autoai","type":"execution_node"}],"runtime_ref":"hybrid"}],"primary_pipeline":"autoai","runtimes":[{"app_data":{"wml_data":{"hardware_spec":{"base_id":"a6c4923b-b8e4-444c-9f43-8a7ec3020110","name":"L"}}},"id":"autoai","name":"auto_ai.kb"}],"version":"2.0"},"ml_version":"4.0.0"}}}
