{"metadata":{"asset_id":"471444c6-4422-4c1b-b6e2-08d109879e46","asset_attributes":["wml_model","modelfacts_system","modelfacts_user"],"name":"New Auto AI project - P8 Linear Regression","asset_type":"wml_model","created_at":"2021-10-28T10:31:16Z","description":"","origin_country":"us","owner_id":"IBMid-5500048MR7","project_id":"65f68896-e344-4bc8-a3a7-049fa38d1d9f","sandbox_id":"65f68896-e344-4bc8-a3a7-049fa38d1d9f","size":5924,"tags":[],"usage":{"last_update_time":1635418472052,"last_updated_at":"2021-10-28T10:54:32Z"}},"entity":{"wml_model":{"data_asset_dependencies":["0b17eaa0-a1df-4b2d-9c04-fa5bf828946a"],"hybrid_pipeline_software_specs":[{"base_id":"da9b39c3-758c-5a4f-9cfd-457dd4d8c395","name":"autoai-kb_3.4-py3.8"}],"label_column":"premium","pipeline":{"id":"6b721ba1-8f4f-4dfa-b5ba-e903600539a2"},"metrics":[{"context":{"classes":[],"features_importance":[{"computation_type":"","features":{"children":0.02,"NewFeature_7_product(pca_1__pca_5)":0.01,"sex":0,"NewFeature_6_product(bmi__pca_5)":1,"NewFeature_0_pca_0":0.08,"NewFeature_3_product(age__pca_0)":0.05,"region":0.01,"smoker":0.01,"NewFeature_1_pca_5":0.03,"bmi":0.16,"NewFeature_4_product(age__pca_5)":0.02,"NewFeature_2_product(age__bmi)":0.05,"NewFeature_5_product(bmi__pca_0)":0.06,"age":0.03},"stage":"Mean"}],"intermediate_model":{"composition_steps":["Split_TrainingHoldout","TrainingDataset_full_1203_6","Text_FE","TrainingDataset_full_1203_6","Preprocessor_default","DAUB","hpo_d","cognito","hpo_c"],"duration":3216,"location":{"model":"auto_ml/cd535d08-f8e9-4131-9d49-2774edf531bf/wml_data/fc01b058-38dc-4aee-935b-b3bdaabef679/data/automl/hpo_c_output/Pipeline5/model.pickle","pipeline":"auto_ml/cd535d08-f8e9-4131-9d49-2774edf531bf/wml_data/fc01b058-38dc-4aee-935b-b3bdaabef679/data/automl/hpo_c_output/Pipeline5/pipeline.json","pipeline_model":"auto_ml/cd535d08-f8e9-4131-9d49-2774edf531bf/wml_data/fc01b058-38dc-4aee-935b-b3bdaabef679/data/automl/hpo_c_output/Pipeline5/pipeline-model.json"},"name":"P8","notebook_location":"auto_ml/cd535d08-f8e9-4131-9d49-2774edf531bf/wml_data/fc01b058-38dc-4aee-935b-b3bdaabef679/data/automl/hpo_c_output/Pipeline5/notebook.ipynb","pipeline_nodes":["PreprocessingTransformer","autoai_libs.cognito.transforms.transform_utils.pca","autoai_libs.cognito.transforms.transform_utils.FS1","autoai_libs.cognito.transforms.transform_utils.product","autoai_libs.cognito.transforms.transform_utils.FS1","LinearRegression"],"process":"hpo_c_output","schema_location":"auto_ml/cd535d08-f8e9-4131-9d49-2774edf531bf/wml_data/fc01b058-38dc-4aee-935b-b3bdaabef679/data/automl/hpo_c_output/Pipeline5/schema.json"},"phase":"hpo_c_output","target_column":"premium"},"ml_metrics":{"holdout_explained_variance":0.8714202046394348,"holdout_neg_median_absolute_error":-1707.326416015625,"holdout_neg_mean_squared_error":-20942628,"training_explained_variance":0.8335703015327454,"training_r2":0.8333849356261415,"training_neg_median_absolute_error":-1691.9625651041667,"training_neg_mean_squared_error":-24111004.666666668,"training_neg_root_mean_squared_error":-4904.748475795513,"holdout_r2":0.871420045966557,"training_neg_mean_absolute_error":-2978.8956705729165,"holdout_neg_root_mean_squared_error":-4576.311615263978,"holdout_neg_mean_absolute_error":-2957.0087890625},"timestamp":"2021-10-28T10:22:17.000Z"}],"ml_version":"4.0.12","type":"wml-hybrid_0.1","schemas":{"input":[{"fields":[{"name":"age","type":"integer"},{"name":"sex","type":"other"},{"name":"bmi","type":"double"},{"name":"children","type":"integer"},{"name":"smoker","type":"other"},{"name":"region","type":"other"}],"id":"auto_ai_kb_input_schema"}],"output":[]},"content_location":{"connection":{},"contents":[{"content_format":"pipeline-node","file_name":"P8_automl.zip","location":"auto_ml/cd535d08-f8e9-4131-9d49-2774edf531bf/wml_data/fc01b058-38dc-4aee-935b-b3bdaabef679/assets/fc01b058-38dc-4aee-935b-b3bdaabef679_P8_hpo_c_output/resources/wml_model/P8_automl.zip","pipeline_node_id":"automl"},{"content_format":"native","file_name":"pipeline_model.json","location":"auto_ml/cd535d08-f8e9-4131-9d49-2774edf531bf/wml_data/fc01b058-38dc-4aee-935b-b3bdaabef679/assets/fc01b058-38dc-4aee-935b-b3bdaabef679_P8_hpo_c_output/resources/wml_model/pipeline_model.json"}],"location":{"path":"auto_ml/cd535d08-f8e9-4131-9d49-2774edf531bf/wml_data","notebooks_path":"auto_ml/cd535d08-f8e9-4131-9d49-2774edf531bf/wml_data/fc01b058-38dc-4aee-935b-b3bdaabef679/notebooks","training":"auto_ml/cd535d08-f8e9-4131-9d49-2774edf531bf/wml_data/fc01b058-38dc-4aee-935b-b3bdaabef679","training_status":"auto_ml/cd535d08-f8e9-4131-9d49-2774edf531bf/wml_data/fc01b058-38dc-4aee-935b-b3bdaabef679/training-status.json","assets_path":"auto_ml/cd535d08-f8e9-4131-9d49-2774edf531bf/wml_data/fc01b058-38dc-4aee-935b-b3bdaabef679/assets"},"type":"container"},"training_data_references":[{"connection":{},"id":"Dataset .csv","location":{"href":"/v2/assets/0b17eaa0-a1df-4b2d-9c04-fa5bf828946a?project_id=65f68896-e344-4bc8-a3a7-049fa38d1d9f","id":"0b17eaa0-a1df-4b2d-9c04-fa5bf828946a","userfs":"false"},"schema":{"fields":[{"name":"age","type":"integer"},{"name":"sex","type":"other"},{"name":"bmi","type":"double"},{"name":"children","type":"integer"},{"name":"smoker","type":"other"},{"name":"region","type":"other"},{"name":"premium","type":"double"}],"id":"auto_ai_kb_input_schema"},"type":"data_asset"}],"software_spec":{"base_id":"8c1a58c6-62b5-4dc4-987a-df751c2756b6","name":"hybrid_0.1"},"content_import_state":"completed"},"modelfacts_system":{"model_information":{"model_type":"wml-hybrid_0.1","input_type":"","algorithm":"","prediction_type":"regression","software_spec":"hybrid_0.1","software_spec_id":"8c1a58c6-62b5-4dc4-987a-df751c2756b6"},"training_information":{"project_name":"New project","training_data_references":[{"connection":{},"id":"Dataset .csv","location":{"href":"/v2/assets/0b17eaa0-a1df-4b2d-9c04-fa5bf828946a?project_id=65f68896-e344-4bc8-a3a7-049fa38d1d9f","id":"0b17eaa0-a1df-4b2d-9c04-fa5bf828946a","userfs":"false"},"type":"data_asset"}],"hyper_parameters":"","hybrid_pipeline":[{"name":"autoai-kb_3.4-py3.8","id":"da9b39c3-758c-5a4f-9cfd-457dd4d8c395"}],"features":6}},"modelfacts_user":{}},"attachments":[{"id":"d32226b8-a664-4b93-a5ba-587ab41b9000","version":2,"asset_type":"wml_model","name":"P8_automl.zip","datasource_type":"193a97c1-4475-4a19-b90c-295c4fdc6517","creator_id":"IBMid-5500048MR7","create_time":1635417078397,"size":4328,"is_remote":false,"is_managed":true,"is_referenced":false,"is_object_key_read_only":false,"is_user_provided_path_key":false,"transfer_complete":true,"is_partitioned":false,"complete_time_ticks":1635417081083,"user_data":{"content_format":"pipeline-node","pipeline_node_id":"automl"},"test_doc":0,"handle":{"bucket":"newproject-donotdelete-pr-k10jxcn5hchise","location":"us-geo","type":"bluemix_cos","key":"21739373-9f77-4465-8c80-9208d27bc1ae/471444c6-4422-4c1b-b6e2-08d109879e46/d32226b8-a664-4b93-a5ba-587ab41b9000","upload_id":"done","max_part_num":1},"usage":{"access_count":0,"last_accessor_id":"IBMid-5500048MR7","last_access_time":1635417078397}},{"id":"2f4c116e-65a1-4023-b4eb-00c3dc1955a9","version":2,"asset_type":"wml_model","name":"pipeline_model.json","datasource_type":"193a97c1-4475-4a19-b90c-295c4fdc6517","creator_id":"IBMid-5500048MR7","create_time":1635417082356,"size":1596,"is_remote":false,"is_managed":true,"is_referenced":false,"is_object_key_read_only":false,"is_user_provided_path_key":false,"transfer_complete":true,"is_partitioned":false,"complete_time_ticks":1635417085106,"user_data":{"content_format":"native"},"test_doc":0,"handle":{"bucket":"newproject-donotdelete-pr-k10jxcn5hchise","location":"us-geo","type":"bluemix_cos","key":"21739373-9f77-4465-8c80-9208d27bc1ae/471444c6-4422-4c1b-b6e2-08d109879e46/2f4c116e-65a1-4023-b4eb-00c3dc1955a9","upload_id":"done","max_part_num":1},"usage":{"access_count":0,"last_accessor_id":"IBMid-5500048MR7","last_access_time":1635417082356}}]}
